timestamp,temperature,vibration,current
2025-01-01 00:00:00,60.993428306022466,0.6399355436586003,4.662410862512809
2025-01-01 00:01:00,59.72347139765763,0.5924633682912769,4.927740664642241
2025-01-01 00:02:00,61.29537707620138,0.5059630369920174,4.603790039500019
2025-01-01 00:03:00,63.04605971281605,0.4353063222294426,4.84601923518048
2025-01-01 00:04:00,59.53169325055333,0.569822331361359,4.053192666523107
2025-01-01 00:05:00,59.53172608610164,0.539348538542175,5.1066468536864695
2025-01-01 00:06:00,63.15842563101478,0.5895193220027732,5.000602737681112
2025-01-01 00:07:00,61.53486945830582,0.563517180168197,4.591455684465904
2025-01-01 00:08:00,59.0610512281301,0.6049552715319335,5.329622834216202
2025-01-01 00:09:00,61.08512008717193,0.4464764788439432,5.468785068813279
2025-01-01 00:10:00,59.073164614375074,0.6317394065634325,4.196220067815513
2025-01-01 00:11:00,59.06854049285948,0.51975996046924,4.618637610716893
2025-01-01 00:12:00,60.48392454313207,0.7075260872625265,4.615428825106351
2025-01-01 00:13:00,56.1734395106844,0.4310812181910432,4.530048449445568
2025-01-01 00:14:00,56.550164334973935,0.6735963803165249,5.414737420965874
2025-01-01 00:15:00,58.875424941518055,0.5197910783462648,4.903086930613599
2025-01-01 00:16:00,57.97433775933115,0.43485819963855515,4.867742579344695
2025-01-01 00:17:00,60.628494665190544,0.4516114165945678,3.9980688177966233
2025-01-01 00:18:00,58.18395184895758,0.46796526918056797,5.317709015104613
2025-01-01 00:19:00,57.17539259732942,0.5424165946401917,4.380370802573264
2025-01-01 00:20:00,62.93129753784311,0.55228354880355,5.029966315133164
2025-01-01 00:21:00,59.54844739902693,0.4426299996061421,5.138688468979096
2025-01-01 00:22:00,60.13505640937585,0.4975645407739017,5.680329297919325
2025-01-01 00:23:00,57.15050362757309,0.7142270358611864,4.345589800440444
2025-01-01 00:24:00,58.91123455094964,0.6727543170100712,3.4902439220895873
2025-01-01 00:25:00,60.22184517941973,0.5436323669674032,5.0919247723768475
2025-01-01 00:26:00,57.6980128451554,0.50380034781682,5.900255590755426
2025-01-01 00:27:00,60.75139603669135,0.5120031326718262,5.619473176469719
2025-01-01 00:28:00,58.79872262016239,0.5613517972730416,5.104829707637313
2025-01-01 00:29:00,59.41661250041345,0.39772074348015946,4.754181907183976
2025-01-01 00:30:00,58.79658677554121,0.4742623462576655,5.403561298318655
2025-01-01 00:31:00,63.70455636901787,0.3331415926122411,4.513226900147766
2025-01-01 00:32:00,59.973005550524135,0.5399223122605279,5.23817888467811
2025-01-01 00:33:00,57.8845781420882,0.564719593970274,5.252735079583314
2025-01-01 00:34:00,61.64508982420638,0.4516813537700626,5.53010495374944
2025-01-01 00:35:00,57.558312700057954,0.6573986763290033,6.379830019455539
2025-01-01 00:36:00,60.41772719000951,0.3774234336997659,5.1962079835893835
2025-01-01 00:37:00,56.08065975224045,0.353562511979018,4.745518187146251
2025-01-01 00:38:00,57.34362790220314,0.5224451818559972,4.987212843904003
2025-01-01 00:39:00,60.39372247173824,0.6047098302612155,4.115462047555441
2025-01-01 00:40:00,61.47693315999082,0.6683927691457869,4.652643434455471
2025-01-01 00:41:00,60.34273656237994,0.454111573713106,4.795358780943448
2025-01-01 00:42:00,59.76870343522352,0.6078680833431296,4.737955801032704
2025-01-01 00:43:00,59.39779260882142,0.4961491530499293,5.076177436016861
2025-01-01 00:44:00,57.04295601926515,0.48273727000591804,4.5887900338089
2025-01-01 00:45:00,58.560311583210584,0.5883659937486673,5.560515333662236
2025-01-01 00:46:00,59.07872245808043,0.5652322878413419,5.000103532459098
2025-01-01 00:47:00,62.11424445243783,0.342360784301575,4.995349839430693
2025-01-01 00:48:00,60.68723657913692,0.6476540349725896,4.836052641743541
2025-01-01 00:49:00,56.47391968927453,0.6380091354147451,5.07759534192949
2025-01-01 00:50:00,60.64816793878959,0.43744372984904706,5.412549132333817
2025-01-01 00:51:00,59.22983543916737,0.5395803533437409,4.5664348921445495
2025-01-01 00:52:00,58.646155999388085,0.5494030186282739,4.670941755462372
2025-01-01 00:53:00,61.22335257768174,0.5260673765823907,4.848136985611668
2025-01-01 00:54:00,62.0619990449919,0.444969484615458,4.327064538263393
2025-01-01 00:55:00,61.8625602382324,0.4328376632061948,4.590371070139251
2025-01-01 00:56:00,58.32156495355472,0.49744459290085546,4.761889563227671
2025-01-01 00:57:00,59.38157524829757,0.6172729019259364,5.437194590356364
2025-01-01 00:58:00,60.66252686280713,0.5543600154594432,5.131280664500962
2025-01-01 00:59:00,61.95109025424472,0.4629385667913894,5.096794955683772
2025-01-01 01:00:00,59.04165152430942,0.5771698710648345,5.425448981083986
2025-01-01 01:01:00,59.62868204667237,0.21514573793699243,4.931314105800301
2025-01-01 01:02:00,57.787330051987944,0.6148765700372103,5.195232424964445
2025-01-01 01:03:00,57.60758675183866,0.32602862212219,4.948389123533752
2025-01-01 01:04:00,61.6250516447884,0.4637559058596868,5.132681174699814
2025-01-01 01:05:00,62.71248005714165,0.3880330105373856,4.708620671194209
2025-01-01 01:06:00,59.85597975683933,0.3705318524279094,3.7805914208617857
2025-01-01 01:07:00,62.00706579578405,0.6160826787378519,4.932860418906848
2025-01-01 01:08:00,60.72327205009527,0.45322987986881086,5.71137406804997
2025-01-01 01:09:00,58.709760490789755,0.5346503881730715,5.463107701120796
2025-01-01 01:10:00,60.722791211016826,0.49530794211208157,5.482698742295585
2025-01-01 01:11:00,63.07607313293194,0.5477040827223122,5.618065360903109
2025-01-01 01:12:00,59.928347921780095,0.5076821891060256,5.044328795480719
2025-01-01 01:13:00,63.12928731162801,0.37170077758114306,5.098657853702798
2025-01-01 01:14:00,54.76050979182051,0.599626681944714,4.691174052282825
2025-01-01 01:15:00,61.64380500875045,0.4506243416838688,4.841963571986475
2025-01-01 01:16:00,60.17409413647634,0.3443418101340249,5.307885574885571
2025-01-01 01:17:00,59.401985299068265,0.4571884839034087,5.6019422185844086
2025-01-01 01:18:00,60.183521553071,0.6500759790634311,4.9302768621595
2025-01-01 01:19:00,56.024862170798215,0.5850221742113493,4.774905367574294
2025-01-01 01:20:00,59.56065622432497,0.4651347865592141,5.000263979428299
2025-01-01 01:21:00,60.71422514302349,0.46507422956815714,5.300603374464558
2025-01-01 01:22:00,62.95578808948303,0.46783649487826173,4.278072591933229
2025-01-01 01:23:00,58.9634595634527,0.707674798356084,3.851909523431381
2025-01-01 01:24:00,58.38301279421363,0.5381935452231553,4.724731575254208
2025-01-01 01:25:00,58.99648591283093,0.543004164719107,4.389643787042921
2025-01-01 01:26:00,61.830804235404145,0.6030283454031842,4.7459299011763445
2025-01-01 01:27:00,60.65750221931937,0.5238789159026513,4.926109840591264
2025-01-01 01:28:00,58.94047959246592,0.4740957854179297,4.7733757954884934
2025-01-01 01:29:00,61.02653486622671,0.4803650150915022,5.726233767235373
2025-01-01 01:30:00,60.19415509869608,0.4928398740585936,5.16337238230116
2025-01-01 01:31:00,61.93728998106578,0.4962777763490158,5.150237179805414
2025-01-01 01:32:00,58.59589381224529,0.572762954363698,5.311103572021701
2025-01-01 01:33:00,59.344675706804466,0.50519458858073,4.430583441109615
2025-01-01 01:34:00,59.21578369373569,0.5732640077215579,5.519555893710134
2025-01-01 01:35:00,57.07297010373576,0.49192834198914176,4.96211785673227
2025-01-01 01:36:00,60.592240554129155,0.5078635190316091,5.335240308620606
2025-01-01 01:37:00,60.522110544359776,0.30017993154678924,4.464071383479922
2025-01-01 01:38:00,60.010226913284924,0.5916327674702482,4.2231206169919675
2025-01-01 01:39:00,59.530825733249706,0.5346488475897992,5.408944829012515
2025-01-01 01:40:00,57.16925851589917,0.5998010109859653,5.188204763048758
2025-01-01 01:41:00,59.15870935446928,0.21037446218063105,4.548974222821244
2025-01-01 01:42:00,59.31457096694646,0.7088374704780728,4.565168459362653
2025-01-01 01:43:00,58.39544546155676,0.4860410371844826,5.562717392207385
2025-01-01 01:44:00,59.67742857666798,0.6108182816737516,4.405294053566336
2025-01-01 01:45:00,60.80810171362908,0.39600940728744694,5.821336476627982
2025-01-01 01:46:00,63.77237180242106,0.5612773905062569,4.549689632676065
2025-01-01 01:47:00,60.34915562566368,0.39465844368263436,5.319195962804192
2025-01-01 01:48:00,60.515100781445526,0.4376231039304195,4.835690762125508
2025-01-01 01:49:00,59.85110816846767,0.6914031353866786,5.301593715541172
2025-01-01 01:50:00,56.162457569401916,0.4809317599236653,4.727942998942904
2025-01-01 01:51:00,59.94697224910156,0.5217432873179723,4.918603546963853
2025-01-01 01:52:00,60.12046041988205,0.5870067730688754,5.020459587697861
2025-01-01 01:53:00,64.92648422497058,0.5495681887972604,4.498906272109264
2025-01-01 01:54:00,59.61527807043775,0.5150418905143577,5.370412172710063
2025-01-01 01:55:00,60.60309468466723,0.5364961002466225,4.743393216764208
2025-01-01 01:56:00,59.93057646058951,0.7403415585238275,4.885700042329991
2025-01-01 01:57:00,57.662643924760935,0.49423812029664144,4.502825312695744
2025-01-01 01:58:00,62.28564562903004,0.5201099046714968,3.7188331706023448
2025-01-01 01:59:00,61.50386606537355,0.6050654396007612,4.904486118699915
2025-01-01 02:00:00,61.58206389408609,0.6105525932957984,6.206307710806458
2025-01-01 02:01:00,58.18122509041052,0.618703030556038,5.392302143949012
2025-01-01 02:02:00,62.8055886218722,0.5638730222029185,4.990369810132803
2025-01-01 02:03:00,57.196297874415436,0.38569950872695163,4.8685545853958665
2025-01-01 02:04:00,61.17371418760054,0.6633431532301096,5.0112329464060235
2025-01-01 02:05:00,64.38091125161996,0.3853654606981312,5.273559557587605
2025-01-01 02:06:00,58.018927349738625,0.5302635465239033,4.409593592345578
2025-01-01 02:07:00,58.86740454079445,0.4245724149980642,5.557160847334436
2025-01-01 02:08:00,60.19930273017528,0.49358616534070077,5.357690657720622
2025-01-01 02:09:00,58.993048691767605,0.532876241030348,5.359092862853967
2025-01-01 02:10:00,56.89867313786773,0.5321357215450273,5.219237869404863
2025-01-01 02:11:00,60.137125949612056,0.5421920754235284,5.009808328846995
2025-01-01 02:12:00,57.87539257254779,0.6613711269058647,5.33643061798341
2025-01-01 02:13:00,60.947184861270365,0.545353430151398,5.295907066870689
2025-01-01 02:14:00,58.1611515315324,0.4755843364709351,4.822979644529488
2025-01-01 02:15:00,63.099868810035076,0.5964087168288357,4.71319911355155
2025-01-01 02:16:00,58.433493415327526,0.6189470488924641,5.0509281476309935
2025-01-01 02:17:00,59.35587696758865,0.37723921848630076,5.774510075747593
2025-01-01 02:18:00,61.627034434739336,0.5597400069849858,4.380446462173049
2025-01-01 02:19:00,57.53827136713209,0.5701172742310898,4.26623736712378
2025-01-01 02:20:00,60.45491986920826,0.4702436496640008,5.082380420618258
2025-01-01 02:21:00,62.614285508564855,0.6375706813311619,5.025443850928009
2025-01-01 02:22:00,56.78503353087754,0.48499444129674735,5.086670832185204
2025-01-01 02:23:00,60.36926771706461,0.5125576453471542,5.12197659895425
2025-01-01 02:24:00,60.519765588496846,0.48269281757161303,4.888398872682598
2025-01-01 02:25:00,61.56364574355462,0.5015579047581468,5.744931719301041
2025-01-01 02:26:00,57.52609857824383,0.3903724913104798,4.199548010761742
2025-01-01 02:27:00,57.35908677383145,0.3559949117405705,4.585751487609877
2025-01-01 02:28:00,61.0438831312338,0.6594505063224972,4.948372619925476
2025-01-01 02:29:00,60.59396934646637,0.4153038651681672,4.178405594422916
2025-01-01 02:30:00,60.50098570069175,0.4008607650543693,4.912072797783964
2025-01-01 02:31:00,60.69289641899395,0.2846609886396285,5.830735082864009
2025-01-01 02:32:00,58.63995055684302,0.4361038252310498,5.0104432441479805
2025-01-01 02:33:00,60.464507394322005,0.3676910206592502,5.115350452859341
2025-01-01 02:34:00,60.586144946597365,0.664201516013637,4.3699176174137095
2025-01-01 02:35:00,58.571297163947264,0.6009817089342634,4.691819295980261
2025-01-01 02:36:00,63.731549022289514,0.4311849654822276,4.812401809838032
2025-01-01 02:37:00,60.94766584182358,0.7252435805344308,4.841142451621883
2025-01-01 02:38:00,57.6173930055947,0.5981765486991595,5.640821897501884
2025-01-01 02:39:00,61.31310721726766,0.46751686164913775,5.278845530362562
2025-01-01 02:40:00,58.050636659545354,0.2500594285126427,4.444271021531484
2025-01-01 02:41:00,61.57416920748491,0.7290942572590742,5.1232523892160025
2025-01-01 02:42:00,62.31719115801481,0.3610427533236404,5.249110874248393
2025-01-01 02:43:00,58.35863536329658,0.3354601253043108,5.570074519260634
2025-01-01 02:44:00,61.92675225848864,0.6022570432009641,5.790270343284186
2025-01-01 02:45:00,60.825561853873,0.7439752406339273,4.492452904086066
2025-01-01 02:46:00,61.64412031998898,0.6384272818510518,4.594571244394831
2025-01-01 02:47:00,63.7935859653079,0.5563909120052359,4.371211070542692
2025-01-01 02:48:00,59.50922376799426,0.5594754341665286,4.8829900704465095
2025-01-01 02:49:00,58.49252767128502,0.5853415558780308,5.233179187223167
2025-01-01 02:50:00,58.22097114074895,0.5758928589786765,5.4936672582945505
2025-01-01 02:51:00,58.368379430069126,0.5281191423969376,4.962024488178739
2025-01-01 02:52:00,59.84579658117179,0.5104201103951876,4.840076238372578
2025-01-01 02:53:00,60.68230394963329,0.49374068721004777,5.07587899612437
2025-01-01 02:54:00,60.55338159866004,0.4246035411133324,4.582428549184988
2025-01-01 02:55:00,61.65436649807205,0.47193249231332257,6.044769360847386
2025-01-01 02:56:00,60.02600378375581,0.33070431858046145,4.19616948644097
2025-01-01 02:57:00,62.907068154314636,0.490166037320525,5.092370289447862
2025-01-01 02:58:00,59.470686333524085,0.40114088928490826,6.01180310961482
2025-01-01 02:59:00,65.44033833317924,0.38964106827842293,5.003399922279999
2025-01-01 03:00:00,61.25133469553001,0.5179894151153478,4.904980482499253
2025-01-01 03:01:00,58.285684887167434,0.6392002286344599,4.8212772885947865
2025-01-01 03:02:00,57.858215003877774,0.5918316606002313,4.909804159118796
2025-01-01 03:03:00,60.964944830486374,0.3429499396376823,5.686424237338265
2025-01-01 03:04:00,59.5530744293483,0.40103718634296626,3.8940690443352466
2025-01-01 03:05:00,61.42800098818418,0.5940771187988216,5.766716850648162
2025-01-01 03:06:00,60.94647524914709,0.40175126064616906,4.288021423774928
2025-01-01 03:07:00,59.85434217468625,0.47753668500029756,4.866673835382793
2025-01-01 03:08:00,58.30641256386319,0.5550052099024552,4.785377789850669
2025-01-01 03:09:00,56.97030555062827,0.40316555451363645,5.29427663488536
2025-01-01 03:10:00,59.10697009586596,0.5105375506145959,4.200937824058126
2025-01-01 03:11:00,61.71279758864694,0.36659745050817955,5.231086333040971
2025-01-01 03:12:00,60.428187488260406,0.4398632356048786,6.012154811643426
2025-01-01 03:13:00,57.50852244257602,0.5319781934142537,4.318412997703595
2025-01-01 03:14:00,60.34636185170236,0.3407006266468331,5.094853083805198
2025-01-01 03:15:00,60.77063475945767,0.5440474737960399,4.669008911101695
2025-01-01 03:16:00,58.232285127597734,0.4980362201073319,5.212943603096518
2025-01-01 03:17:00,60.30745021189106,0.5552489954417148,5.009573888707876
2025-01-01 03:18:00,60.116417436892,0.5223914134064661,4.679256545477845
2025-01-01 03:19:00,57.714059404338755,0.6364140429973845,5.243936142435537
2025-01-01 03:20:00,60.715574720696566,0.5125224502647907,5.902174054893371
2025-01-01 03:21:00,61.12156905273647,0.4570594458874747,4.90454810413635
2025-01-01 03:22:00,62.16610248635055,0.5122297503032284,5.359878971074091
2025-01-01 03:23:00,62.10760410406981,0.5543298029036388,4.353363521064418
2025-01-01 03:24:00,57.24466126408582,0.5048860070325705,4.521781811590996
2025-01-01 03:25:00,58.124349920169756,0.5040591691203883,5.236203138940189
2025-01-01 03:26:00,61.03007053441732,0.42980083121932444,5.7420580142679825
2025-01-01 03:27:00,61.027571901824416,0.4337099082449052,5.17780667439283
2025-01-01 03:28:00,61.030095372612095,0.3597394728200306,4.843470984738423
2025-01-01 03:29:00,67.70546298130944,0.6749576743186939,4.999645702711677
2025-01-01 03:30:00,61.141781021386336,0.3756136764608715,4.374796133015141
2025-01-01 03:31:00,62.271131280361196,0.4307094802204093,5.302257663177683
2025-01-01 03:32:00,61.908003526986406,0.42815927344308025,5.441166531161705
2025-01-01 03:33:00,61.3027825026116,0.5894924376944441,4.77395483358346
2025-01-01 03:34:00,59.36946151071931,0.4705050321707972,4.764978926120249
2025-01-01 03:35:00,61.51793844098653,0.6247742072673734,5.132939114826025
2025-01-01 03:36:00,58.454349570924855,0.4326509375756131,4.781640131979702
2025-01-01 03:37:00,59.52636278651998,0.5278994162223802,4.966933692687089
2025-01-01 03:38:00,59.029272904341795,0.41646529467402427,6.049860894583258
2025-01-01 03:39:00,60.163748278772644,0.7145149127773388,4.8764871496270015
2025-01-01 03:40:00,64.62931713334702,0.3812401580970487,4.820829923989389
2025-01-01 03:41:00,56.2654696148165,0.5309820710227028,4.6762290971824205
2025-01-01 03:42:00,61.37252038074903,0.5633776880932099,5.372095985749969
2025-01-01 03:43:00,56.7745682576207,0.5413799097451498,4.909387913390948
2025-01-01 03:44:00,59.056136268421135,0.4814712341122292,4.675313480839287
2025-01-01 03:45:00,62.17790119393473,0.4870179300266574,5.660652016136506
2025-01-01 03:46:00,60.128560038190926,0.5043811471979109,5.709801502256819
2025-01-01 03:47:00,57.844510444141385,0.48529979983715116,4.6997882171306475
2025-01-01 03:48:00,58.569392581480066,0.596387911679491,4.066730024319692
2025-01-01 03:49:00,61.35919549786935,0.7210523001591351,5.5037568449184615
2025-01-01 03:50:00,58.53926673656573,0.44425082149921663,4.657685087119998
2025-01-01 03:51:00,60.43291717916395,0.3630197020420922,5.395312799581385
2025-01-01 03:52:00,60.09114367980763,0.4911717951648745,4.014948091144082
2025-01-01 03:53:00,58.696799304788364,0.7579709337654319,5.446298669149654
2025-01-01 03:54:00,64.28788817865065,0.4196325432030269,4.39441403535961
2025-01-01 03:55:00,61.26783804463602,0.6639116805444067,5.365382059533262
2025-01-01 03:56:00,55.94971482668478,0.667770081407644,5.007136533918217
2025-01-01 03:57:00,60.372908629538856,0.44464117582920054,4.523030290301677
2025-01-01 03:58:00,58.67642707046323,0.5568983079185276,4.7964818435366094
2025-01-01 03:59:00,61.70486666959245,0.6628396623128539,5.34315922847835
2025-01-01 04:00:00,58.4149585231346,0.4620872259012513,5.052947226557617
2025-01-01 04:01:00,59.7705271170662,0.47964196398976383,5.292206490236242
2025-01-01 04:02:00,61.009974557960916,0.4418319086051356,5.9882202922577425
2025-01-01 04:03:00,61.73151038834024,0.3985243269307133,4.217879194144475
2025-01-01 04:04:00,57.599407185888445,0.4350722454933993,5.808606287484312
2025-01-01 04:05:00,59.3309975283181,0.3776059733237743,5.052177968761606
2025-01-01 04:06:00,59.05010937767809,0.5034083468259226,4.550607975838436
2025-01-01 04:07:00,58.69334153485258,0.42300267689413584,4.334843187130505
2025-01-01 04:08:00,63.530908480562196,0.5233785911790748,4.9054398046114835
2025-01-01 04:09:00,60.809963421921914,0.3444104353796372,5.460825055962229
2025-01-01 04:10:00,57.47823209132991,0.5330880232214457,4.936225439811233
2025-01-01 04:11:00,61.83572389410955,0.5833528961608925,5.7555774651236735
2025-01-01 04:12:00,64.24431239402527,0.3006264357428544,4.274412154974221
2025-01-01 04:13:00,62.06493052110229,0.5374056569847572,4.993955526076973
2025-01-01 04:14:00,56.961260068091974,0.6227668992473292,4.37380327779344
2025-01-01 04:15:00,59.0315318542675,0.37903589813087946,5.181815941312484
2025-01-01 04:16:00,62.533822298373245,0.6672572386837703,5.44344369504865
2025-01-01 04:17:00,58.584661068762436,0.5419019009366045,4.789619103159473
2025-01-01 04:18:00,60.887638856292455,0.4294988144241591,3.697893071686433
2025-01-01 04:19:00,61.549268106858676,0.4944230922342294,5.099474073398247
2025-01-01 04:20:00,58.146139056843836,0.5558326912521723,5.218369275866754
2025-01-01 04:21:00,59.8809492878764,0.5076005391412411,5.202147377480848
2025-01-01 04:22:00,53.517465319861856,0.5538755992446369,5.617891095911077
2025-01-01 04:23:00,57.95122471733142,0.40793264069206336,4.4644731601754755
2025-01-01 04:24:00,59.49486369721368,0.5169360824036078,5.340108052725225
2025-01-01 04:25:00,57.5044336360703,0.35862855030950197,5.596253756238988
2025-01-01 04:26:00,63.26482260786327,0.48887739386512996,4.110706207996742
2025-01-01 04:27:00,57.13971724407873,0.40960923585352105,5.159825912959489
2025-01-01 04:28:00,59.11991102660603,0.42644700574102334,4.747910084496164
2025-01-01 04:29:00,60.26148115457218,0.6236093175210438,4.959238663449177
2025-01-01 04:30:00,62.88254657813223,0.6091310120594269,5.173838241769168
2025-01-01 04:31:00,57.12827569764112,0.5609138120907177,4.756385717943224
2025-01-01 04:32:00,62.326327504309916,0.3907687235327421,4.662145960419194
2025-01-01 04:33:00,60.020466122039174,0.46835915503051984,5.017076208744013
2025-01-01 04:34:00,58.0369826979041,0.6213097699979183,4.456377030568599
2025-01-01 04:35:00,60.92420694852654,0.5141716913639904,4.4570874355574075
2025-01-01 04:36:00,60.39811939114694,0.7319329539981694,5.339686641478251
2025-01-01 04:37:00,58.79956624568241,0.5393317839394371,4.425602982420672
2025-01-01 04:38:00,60.13960416998004,0.5192049116490032,5.333156250454606
2025-01-01 04:39:00,59.22937280627648,0.4690883535797499,5.231295646426975
2025-01-01 04:40:00,60.2270346905025,0.5133540904782282,4.137096635604702
2025-01-01 04:41:00,61.3242613490421,0.4847530163619456,4.661217673832173
2025-01-01 04:42:00,63.172033632290706,0.570810867668859,5.597054701523686
2025-01-01 04:43:00,57.524369002346305,0.5956702316794584,4.509417234430159
2025-01-01 04:44:00,64.26606674931253,0.421401053949205,4.767797868845306
2025-01-01 04:45:00,56.095824400954996,0.3668767046442222,5.231030446625948
2025-01-01 04:46:00,59.69642980992883,0.3163794626896703,5.391695254641298
2025-01-01 04:47:00,61.17663441296915,0.5507991326912544,4.874230556977752
2025-01-01 04:48:00,60.561983735470065,0.38966333938261266,4.701244902654179
2025-01-01 04:49:00,58.754600960358815,0.28471094070475167,5.711184930849254
2025-01-01 04:50:00,59.58375549928545,0.5388578604530965,5.869449831898789
2025-01-01 04:51:00,59.01399813068233,0.749299951743279,5.489429025390898
2025-01-01 04:52:00,58.82127048611158,0.4993929088460107,5.042659071282512
2025-01-01 04:53:00,61.699204194042046,0.5838490774451642,4.5958671391795365
2025-01-01 04:54:00,60.71403097193009,0.5081829358547565,4.584777796721717
2025-01-01 04:55:00,58.61418080947869,0.49011103468088574,5.261257052632879
2025-01-01 04:56:00,61.7991997508665,0.5919076482987768,5.209199110444342
2025-01-01 04:57:00,60.614599041753216,0.4709725455811349,5.700799296473215
2025-01-01 04:58:00,61.62572423767792,0.5267392314071903,5.32522504626807
2025-01-01 04:59:00,61.259257683847224,0.5321697806196014,4.248459849120091
2025-01-01 05:00:00,73.34200997815586,0.4331909546356951,5.525973808861459
2025-01-01 05:01:00,73.87963791960607,0.5992042349536523,4.500969686342794
2025-01-01 05:02:00,76.49458721024652,0.48250402433045914,4.808014364023824
2025-01-01 05:03:00,76.22074053086692,0.4244254840507155,5.125100103125847
2025-01-01 05:04:00,74.9581968120717,0.5536509843570403,5.997833744891982
2025-01-01 05:05:00,75.23465476661757,0.41015320182089626,6.554959278002681
2025-01-01 05:06:00,77.55532979157685,0.5028181157369128,5.303361529568091
2025-01-01 05:07:00,73.81685722232834,0.49908810033557965,4.908401690639806
2025-01-01 05:08:00,76.09419476234007,0.6085895565831578,5.267252824240275
2025-01-01 05:09:00,74.59561469513221,0.5474698232879953,5.443827712936918
2025-01-01 05:10:00,59.56463759354556,0.4974973041254856,4.839666187221404
2025-01-01 05:11:00,62.19755370397438,0.5817766299200287,5.897605677956161
2025-01-01 05:12:00,61.65083269797606,0.6390207549017314,5.115035379595701
2025-01-01 05:13:00,61.62701927200128,0.5557810306351862,5.248871544545697
2025-01-01 05:14:00,62.61095761430866,0.501035261984338,5.332962126027231
2025-01-01 05:15:00,60.04200768326552,0.368816376764984,5.210793305307228
2025-01-01 05:16:00,61.36390594258993,0.39348863369246273,5.419470250234806
2025-01-01 05:17:00,59.37946648681309,0.46947752956453326,4.691373406726538
2025-01-01 05:18:00,60.64833270497689,0.4390487797840717,4.7208491230269845
2025-01-01 05:19:00,59.73971389126463,0.4813028697014554,4.449922883514152
2025-01-01 05:20:00,60.19399192998544,0.5056649924897108,5.219750615310113
2025-01-01 05:21:00,61.19031405087383,0.5529692754356731,5.389468251756057
2025-01-01 05:22:00,58.36355863353305,0.4929501221940909,5.228886433075943
2025-01-01 05:23:00,64.18477455137092,0.5486501643826202,5.837246216673769
2025-01-01 05:24:00,57.987965237000594,0.5064474414810121,4.997201990585476
2025-01-01 05:25:00,57.57162277442453,0.3024533433646128,5.334370827796256
2025-01-01 05:26:00,62.316221747000135,0.40606646061812457,4.454149561930343
2025-01-01 05:27:00,61.583325387925875,0.48559124442783846,4.806450148762799
2025-01-01 05:28:00,61.24823963410431,0.37903052571588924,5.3477688787828885
2025-01-01 05:29:00,61.25669101852856,0.5599928729996204,5.424551055371572
2025-01-01 05:30:00,59.97550645430617,0.6530750832343697,4.853016526167909
2025-01-01 05:31:00,58.205491257028335,0.6218761851697316,4.964200374070966
2025-01-01 05:32:00,60.151609116387455,0.47865571290697917,4.241063126659595
2025-01-01 05:33:00,58.645676576975774,0.6490726136849952,4.821485399596695
2025-01-01 05:34:00,61.950239466835505,0.5148667457202112,5.445191581759893
2025-01-01 05:35:00,59.70588523699572,0.46629140288819604,5.287602508053283
2025-01-01 05:36:00,58.34900560641498,0.43865973364590605,5.250332860690605
2025-01-01 05:37:00,59.35722831669401,0.4697530313511872,5.02488684359048
2025-01-01 05:38:00,60.82586290855125,0.4611823181458771,5.003531579314088
2025-01-01 05:39:00,58.87255089439205,0.5170416222375488,4.669839430263276
2025-01-01 05:40:00,58.355559208867135,0.5160573981049864,5.349414210101267
2025-01-01 05:41:00,60.48737442298383,0.5003046020153414,5.210486472194695
2025-01-01 05:42:00,60.489933142217446,0.543693816974635,5.2460094239964
2025-01-01 05:43:00,58.98611364925774,0.6190646274786341,4.736982578666209
2025-01-01 05:44:00,59.057923388763356,0.5949554135441324,3.923328540064378
2025-01-01 05:45:00,60.464099874715274,0.35151020315500964,5.548576355876848
2025-01-01 05:46:00,57.10383131700535,0.24460788650980453,4.760581271995798
2025-01-01 05:47:00,57.18507245124689,0.5934319911239274,4.568612117978439
2025-01-01 05:48:00,58.56311155749513,0.36331213015845787,5.346739455956997
2025-01-01 05:49:00,59.573105696576306,0.47752345981073163,4.803993680040435
2025-01-01 05:50:00,60.62181513119601,0.38298869739406405,5.529968192023311
2025-01-01 05:51:00,62.950712433899106,0.31980195624199803,5.3085029747883485
2025-01-01 05:52:00,61.715319246404036,0.5541462728204788,5.341784661600239
2025-01-01 05:53:00,59.68012294007315,0.5759155160302647,4.317022144399733
2025-01-01 05:54:00,59.961967584194625,0.44234895992732803,5.6059719926932
2025-01-01 05:55:00,57.99494127072438,0.240895770785509,5.130625265616928
2025-01-01 05:56:00,59.96297372801522,0.4453755551747517,4.815361430376899
2025-01-01 05:57:00,59.42268272215972,0.5391804005402546,5.071694233671126
2025-01-01 05:58:00,60.64543712067618,0.3521088431225871,4.1118823835508405
2025-01-01 05:59:00,58.345538112895355,0.5183359919779156,5.204326405740336
2025-01-01 06:00:00,61.03869302848234,0.4984690150827004,4.485314245908964
2025-01-01 06:01:00,63.06547782600516,0.5579291499601089,4.323664857078233
2025-01-01 06:02:00,59.78247970308629,0.5119580368414153,4.238820406891055
2025-01-01 06:03:00,60.80342344419788,0.40269310591184443,5.556344187494963
2025-01-01 06:04:00,61.38028798342223,0.6196571501664492,4.685368303153606
2025-01-01 06:05:00,59.19755905622833,0.484147042697303,5.76686385495825
2025-01-01 06:06:00,60.44818496362083,0.4972695460490068,4.732099268473851
2025-01-01 06:07:00,60.02518480156359,0.4066732040926804,4.146321021203526
2025-01-01 06:08:00,60.19535219709766,0.455671774880849,4.4417377800256705
2025-01-01 06:09:00,58.453980432289065,0.4115197285973099,5.617905810003469
2025-01-01 06:10:00,60.049020348517885,0.4827053940076577,4.922050911031667
2025-01-01 06:11:00,60.995996582490896,0.6711708480142343,4.725856351754699
2025-01-01 06:12:00,62.902287215590086,0.36280988570686434,5.080009112926394
2025-01-01 06:13:00,61.91854165217041,0.33864386021232584,5.2508913680837725
2025-01-01 06:14:00,64.30636491502311,0.6471170327493608,5.558699407951231
2025-01-01 06:15:00,58.465304874223904,0.4790676322848134,5.724249614946463
2025-01-01 06:16:00,61.74464127344136,0.43309272613400834,4.820115677105457
2025-01-01 06:17:00,60.36668401147671,0.6039904687396076,4.336976156958981
2025-01-01 06:18:00,64.37960586643534,0.4394384460263136,4.7932674194383615
2025-01-01 06:19:00,58.3834034292897,0.6826009713546937,5.130140253291443
2025-01-01 06:20:00,58.32055631563845,0.5677925871339269,4.518120536894695
2025-01-01 06:21:00,58.80121470911195,0.45120885918542974,4.521424542552478
2025-01-01 06:22:00,55.752208551380384,0.7157308213265503,5.171893940774943
2025-01-01 06:23:00,58.948489956638475,0.4394285076996661,4.975673824214774
2025-01-01 06:24:00,58.48173467689261,0.5742095372009307,5.016398497705794
2025-01-01 06:25:00,60.300787572952416,0.5299292580406492,4.620752332649965
2025-01-01 06:26:00,60.683511951554316,0.6301741289398798,4.884799642897116
2025-01-01 06:27:00,63.752341678431776,0.6561511196726852,4.5378834278658475
2025-01-01 06:28:00,61.9008476763721,0.5032004149065766,5.445099205562394
2025-01-01 06:29:00,58.846192688675195,0.42465821296538164,5.5176246673618765
2025-01-01 06:30:00,58.20317065730328,0.5459972142939117,4.0769060688809535
2025-01-01 06:31:00,60.98383834301301,0.4322284630247894,4.535244569903795
2025-01-01 06:32:00,57.359533585958715,0.7013387247526623,4.25173537245496
2025-01-01 06:33:00,63.66291753170871,0.5136535331082738,4.674988032796551
2025-01-01 06:34:00,62.35888024144258,0.4634678448687891,4.95828101510482
2025-01-01 06:35:00,59.06164869579059,0.5184680305864908,4.275177390150735
2025-01-01 06:36:00,56.57373094181825,0.36528737104703035,4.539070093437344
2025-01-01 06:37:00,62.707744748330825,0.40283859614893486,4.498021313959251
2025-01-01 06:38:00,59.77092030949476,0.6200413907944425,5.103633664699472
2025-01-01 06:39:00,62.47563262394692,0.4343105721028604,5.034672168518125
2025-01-01 06:40:00,56.81114468241127,0.39530890173180605,4.639131223331374
2025-01-01 06:41:00,58.801249954092455,0.5536652752527286,5.088410436069699
2025-01-01 06:42:00,60.010487399436364,0.6185704154662997,4.726659957706367
2025-01-01 06:43:00,60.09396118752949,0.5718953310665067,4.864172444836973
2025-01-01 06:44:00,59.09986905704151,0.5996047685805816,5.836726045149269
2025-01-01 06:45:00,61.245699864695,0.4243204911430539,5.670230525895174
2025-01-01 06:46:00,57.86475914123481,0.3578189333258156,4.350209381536201
2025-01-01 06:47:00,59.71524102995741,0.6501333651955487,5.414866208939587
2025-01-01 06:48:00,60.240591263423795,0.4677320161157864,5.405698277245796
2025-01-01 06:49:00,61.028877668117495,0.47491669835449524,4.425868355623691
2025-01-01 06:50:00,61.42322975617778,0.6328194141849058,5.40938882187743
2025-01-01 06:51:00,57.75071581632426,0.555623000940066,5.768965959206277
2025-01-01 06:52:00,56.93177165852875,0.5455887772081608,4.4387275968777935
2025-01-01 06:53:00,62.55535364379702,0.7165002344901084,4.541248589492868
2025-01-01 06:54:00,60.66462802395918,0.4356481769619857,5.5088307334217514
2025-01-01 06:55:00,58.50302692688689,0.5927840128081238,5.135747655412824
2025-01-01 06:56:00,63.102303951045045,0.5057013124897084,5.275738137619761
2025-01-01 06:57:00,60.23134926858572,0.5268592278863257,5.1702946082002486
2025-01-01 06:58:00,62.358594368127655,0.6528468426412531,5.195347960464072
2025-01-01 06:59:00,60.135036962820216,0.5507835756289624,4.336763935844458
2025-01-01 07:00:00,64.12149584976397,0.5538296079049633,5.5236588533107245
2025-01-01 07:01:00,63.51068168488641,0.6072507337309803,5.584794996213887
2025-01-01 07:02:00,59.50207170304185,0.46350472704571144,4.885304627965986
2025-01-01 07:03:00,61.94314190190871,0.41607903326609935,4.978261525093068
2025-01-01 07:04:00,61.290751899170296,0.39551908059789664,4.234446248722139
2025-01-01 07:05:00,62.7372631150647,0.30336434106239984,5.257127378008917
2025-01-01 07:06:00,58.070153078839795,0.7056207129940322,5.286028720857072
2025-01-01 07:07:00,61.37210291999688,0.3896791634278317,4.968904491500345
2025-01-01 07:08:00,62.11684897369918,0.4778746376414228,5.562176679935251
2025-01-01 07:09:00,56.48252102715377,0.47231867001110794,4.83296138451003
2025-01-01 07:10:00,57.63348297466845,0.5307406697809101,5.2823029629468
2025-01-01 07:11:00,55.921535644479796,0.5815737212539297,4.4901678306539425
2025-01-01 07:12:00,59.46118633111089,0.5860473488359745,4.988223924562881
2025-01-01 07:13:00,61.435084511591924,0.44169225614310614,4.912822871048582
2025-01-01 07:14:00,63.004714104192054,0.48328782862135883,5.112653961020471
2025-01-01 07:15:00,60.14818956083955,0.52825799504883,4.81523653558332
2025-01-01 07:16:00,63.257231091142586,0.4751308873816453,4.934263702164166
2025-01-01 07:17:00,57.23979708357022,0.6607345576019993,5.413023585720753
2025-01-01 07:18:00,56.59323512128969,0.5490974951638251,4.781617881380892
2025-01-01 07:19:00,59.888904602206765,0.5734877786049818,4.19671144963066
2025-01-01 07:20:00,60.76813089787861,0.5662881268667412,5.8747919521027105
2025-01-01 07:21:00,59.93461050381181,0.6173473857485325,5.690727039345243
2025-01-01 07:22:00,55.86511579992025,0.5181021558703707,4.353868652447191
2025-01-01 07:23:00,59.82175992097442,0.37031680520441534,5.344853902622598
2025-01-01 07:24:00,57.39106099899029,0.5399687951752642,4.748512614724328
2025-01-01 07:25:00,61.33934509766008,0.4348643106208171,5.13174360766553
2025-01-01 07:26:00,60.7331964921937,0.4471383318250243,5.1471120645067465
2025-01-01 07:27:00,58.12024042734529,0.5586364018755093,4.882796099841839
2025-01-01 07:28:00,58.972266165326616,0.6238283071433636,4.608117167206801
2025-01-01 07:29:00,57.881572956222094,0.5021271576736062,4.65472947384187
2025-01-01 07:30:00,59.874641805453656,0.5308833012598964,4.541904042259379
2025-01-01 07:31:00,61.91028464100248,0.6702214944635239,4.584088895884777
2025-01-01 07:32:00,58.028547907328914,0.5240753179488569,4.966410854975322
2025-01-01 07:33:00,61.00809303103569,0.7601683114180395,4.6421200054446246
2025-01-01 07:34:00,58.939484763255116,0.5565509645631544,5.34102603285631
2025-01-01 07:35:00,58.41425433547531,0.3239237240844182,5.743623077667964
2025-01-01 07:36:00,59.785939280090886,0.5753341621104533,4.709973379314978
2025-01-01 07:37:00,57.92951535516125,0.5381158384882778,5.1197022502676885
2025-01-01 07:38:00,58.892701389305635,0.6289752754082746,5.249842555151467
2025-01-01 07:39:00,57.6042442148223,0.5673181351269958,5.236001135459637
2025-01-01 07:40:00,63.92945026583278,0.4861544016016226,5.037977633958044
2025-01-01 07:41:00,60.070527103943455,0.37757017637106344,5.371341209179861
2025-01-01 07:42:00,58.60054898401483,0.4790976742713975,5.241124476340328
2025-01-01 07:43:00,60.42795982146844,0.41494795457906997,4.3811687888363515
2025-01-01 07:44:00,59.77534390061834,0.4419476550195277,5.434578032194636
2025-01-01 07:45:00,59.55806080093355,0.558857840442061,5.443645418633371
2025-01-01 07:46:00,61.22833340008685,0.6669904504351406,4.618356947910709
2025-01-01 07:47:00,61.51501542009461,0.5394671529822981,5.018968917723801
2025-01-01 07:48:00,58.93899770477894,0.38041169379648154,5.341664496405535
2025-01-01 07:49:00,58.84836351871064,0.5444602668220141,4.89534309021032
2025-01-01 07:50:00,59.449896605696715,0.6196631486645652,5.536489023883006
2025-01-01 07:51:00,55.39615767052883,0.43902170956806175,6.181936247309681
2025-01-01 07:52:00,56.96961787560289,0.4865982833327082,4.607006983682509
2025-01-01 07:53:00,62.73374853488905,0.5014688194729197,4.3094776984231125
2025-01-01 07:54:00,63.28993542700257,0.421510168691776,5.151909297802438
2025-01-01 07:55:00,59.50192792088724,0.5648280433843859,5.360781252563072
2025-01-01 07:56:00,61.15311392611153,0.4879051851392218,4.884566813077615
2025-01-01 07:57:00,60.62250030908707,0.5419532443907028,5.726630331660517
2025-01-01 07:58:00,66.15776161691048,0.41125078221979,4.330697100138376
2025-01-01 07:59:00,62.23914982286915,0.45625416996765894,5.3464593115158054
2025-01-01 08:00:00,59.74416481703847,0.5722381357827772,4.697069589620553
2025-01-01 08:01:00,58.08891911879915,0.4627166847908233,5.859688953103649
2025-01-01 08:02:00,56.78710735948486,0.6726963851233405,5.996257676584059
2025-01-01 08:03:00,60.406927271734446,0.46003638143853975,4.616671706108326
2025-01-01 08:04:00,58.48729850943139,0.5224684725751886,4.72522143204571
2025-01-01 08:05:00,57.155492580804655,0.593259083187309,5.429793943489901
2025-01-01 08:06:00,58.706854231514946,0.3581634267066968,4.806434675105242
2025-01-01 08:07:00,57.83690399277121,0.32391911880192237,4.9772943910338805
2025-01-01 08:08:00,63.37428327014513,0.3474343685429905,5.012694210271205
2025-01-01 08:09:00,61.7632795138989,0.6262584103427182,4.0401634219011715
2025-01-01 08:10:00,59.98405471736677,0.44481418541075535,4.993081126952881
2025-01-01 08:11:00,62.95988827778005,0.7558199285668252,4.655136112967913
2025-01-01 08:12:00,60.154736615295235,0.44357524013426114,4.753438588800114
2025-01-01 08:13:00,58.27743159734347,0.5184551303197037,5.721816001734407
2025-01-01 08:14:00,63.04624815453931,0.6542109952567876,4.371746552860372
2025-01-01 08:15:00,61.07782008736932,0.7006092888159123,5.4066025933739885
2025-01-01 08:16:00,57.925507691347086,0.7061503576636398,4.860518534834096
2025-01-01 08:17:00,59.61932264383278,0.6208366230593143,4.860119915752083
2025-01-01 08:18:00,58.248763493230484,0.6024062525811462,5.395185948025856
2025-01-01 08:19:00,57.23440053807133,0.5592526949201183,5.1700256472844455
2025-01-01 08:20:00,61.85235509506328,0.5778361076166638,7.285306498609765
2025-01-01 08:21:00,63.81883328094026,0.44488142836714667,7.484092330266431
2025-01-01 08:22:00,57.20286485236172,0.41818011165776925,6.834345808408338
2025-01-01 08:23:00,61.12593847338114,0.49966255425890477,6.693881632746125
2025-01-01 08:24:00,58.69871486175634,0.4829815377475072,6.457424736721101
2025-01-01 08:25:00,59.02574923247061,0.4546771950672725,4.587294735010523
2025-01-01 08:26:00,58.81521215152226,0.5696387447456716,6.474547212654363
2025-01-01 08:27:00,58.27201846064037,0.595530520857051,5.622339790368393
2025-01-01 08:28:00,60.09704325588965,0.5088406886291847,4.3244628168959895
2025-01-01 08:29:00,58.33809976717792,0.6477530081055262,4.338771021628215
2025-01-01 08:30:00,60.54091365155968,0.3858310885866495,5.240933030859246
2025-01-01 08:31:00,59.89952378110173,0.4806340540720282,5.273632398688983
2025-01-01 08:32:00,59.52210390626718,0.4283177679397195,5.274441917658682
2025-01-01 08:33:00,58.18487267591681,0.313346338292694,4.872522103223151
2025-01-01 08:34:00,58.84645733886333,0.4917319314157301,4.93727286999855
2025-01-01 08:35:00,61.510782451651515,0.48782524916167164,5.1639397620796785
2025-01-01 08:36:00,61.00183437524876,0.6513449743242131,5.042946503146665
2025-01-01 08:37:00,58.044889510402896,0.5630811684554777,3.8903498136262327
2025-01-01 08:38:00,60.19866461085845,0.3975813175670795,4.885100184712403
2025-01-01 08:39:00,61.50277424674358,0.6854092566334189,4.574296782869843
2025-01-01 08:40:00,56.66118943775726,0.6221033695525353,5.087605709454256
2025-01-01 08:41:00,61.08672038475987,0.5582097703468616,6.492629501301705
2025-01-01 08:42:00,58.6747524821083,0.4773515901150168,5.183740832737152
2025-01-01 08:43:00,61.14119733718632,0.404056076327652,4.843235156913801
2025-01-01 08:44:00,58.473481686914965,0.4627793223928947,5.4609007509886265
2025-01-01 08:45:00,56.390235798670965,0.6088748619704186,5.2413439436046065
2025-01-01 08:46:00,56.74491512423367,0.6884586305934609,5.210047245225921
2025-01-01 08:47:00,60.09616989332277,0.6543243528272189,5.303425296607836
2025-01-01 08:48:00,60.51944500344296,0.45111505782137257,6.0282717824147705
2025-01-01 08:49:00,58.191366749791186,0.38803825667109887,4.434555782337042
2025-01-01 08:50:00,61.27718491755475,0.5140886246911204,5.236816038405728
2025-01-01 08:51:00,56.67695987546208,0.32315606344371484,4.536809435009231
2025-01-01 08:52:00,59.86784040270537,0.5323167714184781,5.277756323171124
2025-01-01 08:53:00,57.577967600475084,0.48523974137013315,4.540656744256953
2025-01-01 08:54:00,58.696327784395685,0.4533963498131758,4.7913165931974575
2025-01-01 08:55:00,60.09479734263283,0.34052969327332044,4.852455042881047
2025-01-01 08:56:00,58.27917326943209,0.5513600106569716,5.487908359672354
2025-01-01 08:57:00,59.23088891154035,0.44672991603380885,5.459227221971207
2025-01-01 08:58:00,62.01258561842888,0.3830083164289712,4.377141311776808
2025-01-01 08:59:00,58.8462162609537,0.21277377867183506,5.027467055499924
2025-01-01 09:00:00,61.671384224130286,0.4972485094949364,4.645210072625414
2025-01-01 09:01:00,57.74058629068476,0.6772251596669744,4.370747544662333
2025-01-01 09:02:00,61.05960835583056,0.666125921454787,4.891491474787815
2025-01-01 09:03:00,62.8831372413158,0.4542903743413728,4.84575860577209
2025-01-01 09:04:00,55.05671099974542,0.4397787939638219,6.213358243172761
2025-01-01 09:05:00,58.406209489059044,0.5468774256075024,5.216479912680348
2025-01-01 09:06:00,61.15414425436108,0.4001614560811708,4.3111912496228815
2025-01-01 09:07:00,59.59390922791401,0.5301791899819466,4.717612997914529
2025-01-01 09:08:00,60.742291746742616,0.5766080278384691,5.510691647714699
2025-01-01 09:09:00,58.79202962656836,0.6226933223884308,6.0442213864349625
2025-01-01 09:10:00,60.1731795749458,0.4899845923520047,4.207008343881021
2025-01-01 09:11:00,59.68864552921584,0.4796326249823034,4.0600378074304775
2025-01-01 09:12:00,62.335564123319614,0.4122017413243439,5.935482587685891
2025-01-01 09:13:00,60.50884168660242,0.417311964596014,5.194807088685452
2025-01-01 09:14:00,60.675205324150404,0.4773521108098473,4.565853634061817
2025-01-01 09:15:00,59.176246067755066,0.5367365506816179,5.267314543061218
2025-01-01 09:16:00,59.02478755185501,0.5913584626233249,3.682126130491561
2025-01-01 09:17:00,59.13488362436076,0.4196821049319655,5.00168775329858
2025-01-01 09:18:00,60.78890428475659,0.6492688568959522,5.163910586421543
2025-01-01 09:19:00,59.158031038359475,0.4728876398957431,5.462135069768915
2025-01-01 09:20:00,60.57954971379283,0.4978632705651564,4.493052023853731
2025-01-01 09:21:00,64.15080159729088,0.42527883208521766,5.042843580701679
2025-01-01 09:22:00,61.74224940686339,0.2575759739727058,4.537287686970206
2025-01-01 09:23:00,59.34795293566432,0.588404539636105,5.127691877837159
2025-01-01 09:24:00,62.40242784432789,0.5736843897092433,4.552326838818488
2025-01-01 09:25:00,59.1838492539569,0.47186724428817867,4.795949580419889
2025-01-01 09:26:00,55.92375092964429,0.5066990717224872,4.502092302604885
2025-01-01 09:27:00,57.983827378165195,0.55159392177041,5.325568120911829
2025-01-01 09:28:00,56.25841615794829,0.34374541431134575,5.429225558328333
2025-01-01 09:29:00,59.29697303191738,0.4470947322653705,4.882689715021293
2025-01-01 09:30:00,60.0368367583791,0.5794264679621828,5.019118997480014
2025-01-01 09:31:00,63.352874624550566,0.3745710576830751,4.275704292683228
2025-01-01 09:32:00,60.65385474752833,0.5293557932166629,4.850161675996606
2025-01-01 09:33:00,59.561798942382275,0.3643418195376595,4.974897691479128
2025-01-01 09:34:00,61.65881116236698,0.5466429982433526,6.310396545514988
2025-01-01 09:35:00,55.57772938198423,0.4964358517702516,4.444016487112918
2025-01-01 09:36:00,60.47122911621713,0.33848681840944905,5.732088619376219
2025-01-01 09:37:00,61.54173038777393,0.6164739354457172,5.498429386732904
2025-01-01 09:38:00,57.04282750844032,0.42654084232019507,5.140318202245068
2025-01-01 09:39:00,62.28750808641386,0.4189747562985619,5.879310242097567
2025-01-01 09:40:00,60.67699281498883,0.5200569197230943,5.186052736303432
2025-01-01 09:41:00,59.1694241721984,0.6148637349428715,5.194579597833965
2025-01-01 09:42:00,61.26556373221257,0.3984178181021603,4.973439673491227
2025-01-01 09:43:00,64.5413857156088,0.5061679849847972,5.611784441209314
2025-01-01 09:44:00,60.36373251011699,0.5428816500330573,5.548234616905442
2025-01-01 09:45:00,60.49644117260067,0.5693105607263144,4.6871613562518935
2025-01-01 09:46:00,59.08127820091951,0.5176441555277225,4.340376402700616
2025-01-01 09:47:00,58.30031126107042,0.46329721609166774,4.898509681302172
2025-01-01 09:48:00,61.66067163308849,0.41724097793512804,4.599980717801177
2025-01-01 09:49:00,58.28783234818226,0.5086143883046375,4.968237712692322
2025-01-01 09:50:00,60.14313247443879,0.39278609880143933,5.618719067342069
2025-01-01 09:51:00,59.044685106469764,0.20786495165053925,4.771349172456605
2025-01-01 09:52:00,60.957959651492786,0.5436559804157668,4.978588309344213
2025-01-01 09:53:00,60.667324210573895,0.5903934841086196,5.029011367404197
2025-01-01 09:54:00,62.0750798885158,0.26370675644581615,5.424215441102643
2025-01-01 09:55:00,58.9799672022905,0.39902692952900626,3.8765553330076976
2025-01-01 09:56:00,59.46025012941326,0.5619154261005198,4.696649852617352
2025-01-01 09:57:00,58.042472568435386,0.7057495469711699,5.105641846139736
2025-01-01 09:58:00,59.111413479847776,0.5020793707675408,5.60003947821343
2025-01-01 09:59:00,60.754600986089706,0.42719970587708656,4.754048776246897
2025-01-01 10:00:00,61.5139772332907,0.481710355889516,4.061723646979063
2025-01-01 10:01:00,58.15566935164475,0.6374876419148185,5.309855722983068
2025-01-01 10:02:00,61.73921184021132,0.4354035820875465,4.682318805587185
2025-01-01 10:03:00,62.7112757176099,0.42008079933497466,4.405166670454819
2025-01-01 10:04:00,60.826869806447405,0.45172564778179675,4.687827305143388
2025-01-01 10:05:00,63.75359162511613,0.4046671391741288,4.907737321172076
2025-01-01 10:06:00,58.45242160179286,0.5122670315994795,4.6976276677308935
2025-01-01 10:07:00,57.51069059337716,0.6624678458469561,3.897216971450465
2025-01-01 10:08:00,56.44255950219144,0.5323079273116029,5.4485330984435665
2025-01-01 10:09:00,62.992088622978365,0.47476464978737126,5.637437520639361
2025-01-01 10:10:00,61.30873131270812,0.4708188731084456,5.325760995669753
2025-01-01 10:11:00,59.88883065817909,0.3436809191303343,4.431157164787591
2025-01-01 10:12:00,60.55993725263964,0.588310977714716,4.899254233026241
2025-01-01 10:13:00,57.74902190540325,0.4922162802987198,4.996739342385271
2025-01-01 10:14:00,64.89150395923366,0.48195200864093746,5.299397194780955
2025-01-01 10:15:00,60.25844236395046,0.8193107567844862,5.33417024435904
2025-01-01 10:16:00,60.218789589209784,0.5298752908365686,4.632913100610752
2025-01-01 10:17:00,61.451533247797386,0.4248208949904816,5.04099777820678
2025-01-01 10:18:00,60.96201846347343,0.4573642403794457,5.228640202307621
2025-01-01 10:19:00,60.44776804855826,0.6148445709196755,5.727911161073383
2025-01-01 10:20:00,58.419051089109374,0.5113270410537765,5.352253269912362
2025-01-01 10:21:00,60.942936714271994,0.3561722021682633,5.394528343687759
2025-01-01 10:22:00,63.764048992950066,0.5919228934575204,5.04191331396468
2025-01-01 10:23:00,62.690840092309955,0.4331855914461006,5.705229572601752
2025-01-01 10:24:00,63.186373253278795,0.6873297776217546,5.204881397979749
2025-01-01 10:25:00,58.97756864713763,0.6080048065714648,4.569456044913215
2025-01-01 10:26:00,58.02079035948284,0.4552678104341249,5.701684985062595
2025-01-01 10:27:00,59.7484261598007,0.6281016361735113,5.348951636269514
2025-01-01 10:28:00,60.11144982457739,0.5067855510527404,4.778477989435759
2025-01-01 10:29:00,62.1883830369419,0.5852773675122219,4.760253516300378
2025-01-01 10:30:00,56.61507074057036,0.5484732817294475,5.148287772570381
2025-01-01 10:31:00,63.05910063892123,0.41536433450091265,5.231592397633793
2025-01-01 10:32:00,59.68398420284202,0.4356450167682538,5.098646132815603
2025-01-01 10:33:00,59.14623786010516,0.6029960817581161,5.155654336721442
2025-01-01 10:34:00,57.97579124947966,0.4665224667893459,5.84997868728819
2025-01-01 10:35:00,56.69028665626846,0.4596351536758003,5.535771576117443
2025-01-01 10:36:00,61.64634116792383,0.4044877420650647,5.095317795632512
2025-01-01 10:37:00,60.14663593437681,0.5423599065593461,5.470655290383742
2025-01-01 10:38:00,57.42007820051789,0.7062524919243145,4.48373804823623
2025-01-01 10:39:00,57.40984245587277,0.3932467085745727,5.198963524973404
2025-01-01 10:40:00,59.32843060141975,0.5024219456672758,5.904653174866555
2025-01-01 10:41:00,63.33804305057878,0.6412220555415429,4.890977052303813
2025-01-01 10:42:00,59.48081729727279,0.4920358608754285,4.576183035690457
2025-01-01 10:43:00,56.993714093763785,0.5452371796249734,4.673955555703469
2025-01-01 10:44:00,59.508513871828114,0.393760647185312,4.455183481328806
2025-01-01 10:45:00,59.454552860504656,0.5428307097207649,4.607619045936148
2025-01-01 10:46:00,54.60622671411686,0.48128557349954515,4.814745950704985
2025-01-01 10:47:00,59.89141026696438,0.5985729995679863,4.297216490410679
2025-01-01 10:48:00,59.53813093958264,0.6187386051564752,5.007809166974802
2025-01-01 10:49:00,61.392412729626834,0.7589563642018614,5.4511385868933235
2025-01-01 10:50:00,63.69791218989069,0.5579633173213576,4.54612190992654
2025-01-01 10:51:00,62.25313005909551,0.5325796316582166,5.7596419618208845
2025-01-01 10:52:00,59.46222261889034,0.5194384301577336,5.255396044263797
2025-01-01 10:53:00,57.78694818251666,0.4646833707189312,5.515290292812029
2025-01-01 10:54:00,65.14671960649972,0.5338483843461691,4.671082723073932
2025-01-01 10:55:00,60.11843686802898,0.47045985898609705,5.4272626135333075
2025-01-01 10:56:00,60.02785858382589,0.5168460976269614,4.4540330498023435
2025-01-01 10:57:00,59.95174982577999,0.631759753560796,5.445123750418254
2025-01-01 10:58:00,60.39616952153571,0.3993457434720359,5.085919669896765
2025-01-01 10:59:00,59.71127917615212,0.6139878561129045,5.276625609992392
2025-01-01 11:00:00,58.852675986239525,0.6317115067339866,4.412202697187574
2025-01-01 11:01:00,58.90628211751922,0.48819314730089214,4.552465078861697
2025-01-01 11:02:00,59.934493459568,0.2878145100991405,5.298614109126692
2025-01-01 11:03:00,58.91315045773247,0.43921780129055676,4.5258259978879
2025-01-01 11:04:00,58.57430843464567,0.629699454656111,5.231603146049562
2025-01-01 11:05:00,60.21286045538379,0.4977131937701118,4.316431096769877
2025-01-01 11:06:00,59.49004556515829,0.4000697767705089,5.424087106333334
2025-01-01 11:07:00,63.007985977165376,0.44952250787717823,4.383738342615746
2025-01-01 11:08:00,54.69806038321398,0.5840620026504553,5.2761499688397615
2025-01-01 11:09:00,62.18301370384492,0.554673356820138,5.312815466823
2025-01-01 11:10:00,62.492170384995255,0.4761067900830306,4.651614090785213
2025-01-01 11:11:00,55.8532195351837,0.46331755881853126,5.291013283542363
2025-01-01 11:12:00,59.3146248118393,0.4608241850956178,5.130221131666778
2025-01-01 11:13:00,59.25711826800842,0.4077589815501497,4.730579071903631
2025-01-01 11:14:00,57.184976610564355,0.6615375689469442,4.495722657961896
2025-01-01 11:15:00,58.44436662481825,0.467767953078866,4.01868715416371
2025-01-01 11:16:00,57.778848309068344,0.6217158520825496,5.174825023649847
2025-01-01 11:17:00,63.504540886847245,0.6521316051922451,4.217598614318972
2025-01-01 11:18:00,61.871356786294925,0.599831089814796,5.047672099720654
2025-01-01 11:19:00,62.54311018998832,0.45683796872819515,4.868275891958875
2025-01-01 11:20:00,61.44334412808647,0.5403730090336609,5.339571387719098
2025-01-01 11:21:00,57.741896457565545,0.4975804393609084,4.848977250255068
2025-01-01 11:22:00,58.950959467440455,0.40962981392698716,4.835276106826455
2025-01-01 11:23:00,60.97874912245584,0.5324359281721603,5.365935352144148
2025-01-01 11:24:00,57.55574438221611,0.3820960208840197,5.167529014542059
2025-01-01 11:25:00,61.425996860344775,0.6187679388461564,5.158077978591389
2025-01-01 11:26:00,59.51934920368373,0.4535382702701607,5.234633794904263
2025-01-01 11:27:00,59.25035838490081,0.5201159655872839,4.232213938396447
2025-01-01 11:28:00,61.42191993640698,0.5283287871546142,5.378394339993491
2025-01-01 11:29:00,60.88852662297208,0.4741095026295923,5.3062343970068016
2025-01-01 11:30:00,59.27806766836184,0.5586693801475274,4.491658435711751
2025-01-01 11:31:00,62.318659606728495,0.45250963433774755,4.8779597631629
2025-01-01 11:32:00,57.83787334480021,0.5871297297457244,4.9803463561861845
2025-01-01 11:33:00,61.231871213888525,0.36540203197532517,4.932751607799133
2025-01-01 11:34:00,61.18620251593677,0.5126379579546412,5.166929983284267
2025-01-01 11:35:00,59.38090712137202,0.6938928999058285,5.715683390915592
2025-01-01 11:36:00,60.652266044484236,0.39996686753944255,5.540883363836414
2025-01-01 11:37:00,57.49777284722939,0.43222550294751483,4.343890403284297
2025-01-01 11:38:00,61.8480540384138,0.5513907849658914,5.311034995153024
2025-01-01 11:39:00,59.63019572711402,0.5179581781939598,5.6644666597677045
2025-01-01 11:40:00,58.954553958961924,1.7350630099273558,5.193404260344601
2025-01-01 11:41:00,62.09801845167378,1.7489187130147663,5.545490212592983
2025-01-01 11:42:00,58.59131261891448,1.763472146856177,6.006135222850382
2025-01-01 11:43:00,57.18307740727288,1.8109699841956224,5.511854773053491
2025-01-01 11:44:00,56.886741652952196,1.7409818656928513,5.1246542978208645
2025-01-01 11:45:00,61.21201990269128,1.6758742345381457,5.522544237042377
2025-01-01 11:46:00,57.43914129500743,1.767257370120273,5.072443916548446
2025-01-01 11:47:00,63.50958836396873,1.8899881934895215,5.0119515216424775
2025-01-01 11:48:00,55.83614118423256,1.6867366253617426,4.8242928821431335
2025-01-01 11:49:00,63.39291273658008,1.6025470695329358,5.781706679416054
2025-01-01 11:50:00,60.42203493440524,0.6107080669286973,4.5907856670289995
2025-01-01 11:51:00,59.806573776259214,0.48796188360464016,5.766183862339058
2025-01-01 11:52:00,58.9101618263821,0.28273304539859634,5.249932061870186
2025-01-01 11:53:00,60.79827222870414,0.5847421677150422,4.3003469125990295
2025-01-01 11:54:00,59.9247305951503,0.4464671814046077,5.183824646495711
2025-01-01 11:55:00,62.20660376403304,0.4909466717695839,3.949986746174188
2025-01-01 11:56:00,60.22845529732408,0.5331980330569015,5.312754008415518
2025-01-01 11:57:00,60.30060352292376,0.5190499679779066,5.442615741494495
2025-01-01 11:58:00,59.27277557557229,0.570945181713904,4.7038220221739735
2025-01-01 11:59:00,59.88610875255787,0.4564513629430157,5.061773847977791
2025-01-01 12:00:00,60.61560353778412,0.5513105798176082,5.977078716875143
2025-01-01 12:01:00,56.57966321468675,0.4740453322416083,4.747126647869032
2025-01-01 12:02:00,57.30362915578857,0.5738810480887503,4.4705462064717
2025-01-01 12:03:00,61.48652818804543,0.5615367484013053,5.7408317012313
2025-01-01 12:04:00,60.34173087625588,0.40645612979554047,5.981293595265397
2025-01-01 12:05:00,59.63203332729464,0.6085982116175033,5.001847835923924
2025-01-01 12:06:00,60.036867866130784,0.4464036554885952,5.505731517704178
2025-01-01 12:07:00,60.69516341072334,0.5808057798281145,5.67073795776544
2025-01-01 12:08:00,58.920480639381275,0.5367287313401341,4.628757883730808
2025-01-01 12:09:00,58.44339054919538,0.6838183676795122,4.757347082316066
2025-01-01 12:10:00,60.39169051019536,0.4776534017628148,5.615437256577367
2025-01-01 12:11:00,58.043254444769936,0.46506832038818025,5.842507139354255
2025-01-01 12:12:00,60.81650551142894,0.4980580394112267,5.281440430087177
2025-01-01 12:13:00,56.59483279152432,0.4696820217165725,4.560092823248973
2025-01-01 12:14:00,62.05831127465129,0.579994190194205,5.993530555849721
2025-01-01 12:15:00,60.94519496482609,0.3383689391563412,4.734514551094017
2025-01-01 12:16:00,60.512059468627754,0.3946317580853646,4.832431109414274
2025-01-01 12:17:00,61.96538196789103,0.3932197078420807,5.1711689172448105
2025-01-01 12:18:00,63.33094888892515,0.5950307591973576,5.777080210357387
2025-01-01 12:19:00,62.02874013003626,0.6710613372581925,5.426987988276112
2025-01-01 12:20:00,56.31825153733671,0.4895550781462529,5.207432750180955
2025-01-01 12:21:00,57.4408460665286,0.4831178276809989,5.231644265059053
2025-01-01 12:22:00,58.750362844608645,0.5070052163113181,5.021757334321733
2025-01-01 12:23:00,60.05218210042167,0.616187830260819,5.279069757259253
2025-01-01 12:24:00,61.03531804093824,0.4072646865809426,3.7352199611528487
2025-01-01 12:25:00,58.54851237369307,0.5238368982734785,4.8516962704651005
2025-01-01 12:26:00,60.373533528954155,0.5975197629782429,5.120660967458391
2025-01-01 12:27:00,58.48923413529336,0.5501094169939845,4.424492958190246
2025-01-01 12:28:00,58.776964394016105,0.5189581616598743,5.19316165890578
2025-01-01 12:29:00,57.18667780630356,0.6001046092567142,4.897764389506939
2025-01-01 12:30:00,58.15353350777819,0.22967677070007625,5.877737849157745
2025-01-01 12:31:00,57.29663078876733,0.5677875319530907,5.786509862607428
2025-01-01 12:32:00,58.04825349404533,0.4345924316872576,4.767097215440918
2025-01-01 12:33:00,62.107283593215676,0.31693671031435433,4.924581144216653
2025-01-01 12:34:00,58.10120222233611,0.551120259952498,4.963026217195804
2025-01-01 12:35:00,65.26476412967479,0.6373658545162958,4.7741702619201885
2025-01-01 12:36:00,60.98663580176178,0.48625514853723084,5.097512492014063
2025-01-01 12:37:00,60.36967224738975,0.5952874547202939,4.620858965556205
2025-01-01 12:38:00,58.283284439637576,0.6612278257988645,4.434692332531236
2025-01-01 12:39:00,61.40061975881798,0.6314914453584047,5.311355611950134
2025-01-01 12:40:00,58.84872434752445,0.6639964529371393,5.314764792110905
2025-01-01 12:41:00,60.244019629290726,0.5742127491071892,4.597842120170004
2025-01-01 12:42:00,65.1201690765376,0.5075433638901593,5.4476777153813
2025-01-01 12:43:00,59.8078802005507,0.33980341881028314,4.684211135417335
2025-01-01 12:44:00,62.29854665257135,0.47539375118700516,5.126582619018991
2025-01-01 12:45:00,58.59364714974822,0.41567534046838084,5.410172006306228
2025-01-01 12:46:00,59.93002301900608,0.7170942717497814,4.983193717648144
2025-01-01 12:47:00,63.54160127127102,0.48241141875676635,5.227370456070568
2025-01-01 12:48:00,58.74606588442447,0.5123204806784486,4.741785178056214
2025-01-01 12:49:00,63.62489711599386,0.5551485376040468,4.901766708285951
2025-01-01 12:50:00,61.41550387091095,0.5043602446372454,4.89707028455983
2025-01-01 12:51:00,58.87506644821146,0.6695051040430753,4.62671082672988
2025-01-01 12:52:00,61.26481547811104,0.4377350638265548,4.911612918442109
2025-01-01 12:53:00,61.94510889925346,0.5194607455237242,4.225690850568126
2025-01-01 12:54:00,61.24361992443439,0.42575294143019515,4.754423126428947
2025-01-01 12:55:00,56.859550560219084,0.3679977488779294,4.857562253315165
2025-01-01 12:56:00,58.54572564835026,0.43882309090947147,4.87191012375231
2025-01-01 12:57:00,59.50496272889699,0.4962963202951588,4.87925127706461
2025-01-01 12:58:00,59.851133141799906,0.457069777548274,4.969117900069936
2025-01-01 12:59:00,61.241344195101355,0.4307579020126144,5.239720759043032
2025-01-01 13:00:00,60.35540200186651,0.3593682536328166,5.437258537066262
2025-01-01 13:01:00,57.329311282579795,0.4916894427371305,4.675117386575867
2025-01-01 13:02:00,60.76039570201193,0.3495279625968998,4.398399572305427
2025-01-01 13:03:00,61.22117149056765,0.5760055963689603,4.478977793878449
2025-01-01 13:04:00,61.11958089586208,0.5082439752934503,4.756398539402537
2025-01-01 13:05:00,62.16156145110924,0.3542448500535069,4.824039341091745
2025-01-01 13:06:00,61.66784430909781,0.46907909229501366,4.615001966901271
2025-01-01 13:07:00,60.91836015845687,0.4247843594409417,4.351941667875053
2025-01-01 13:08:00,59.85966857708271,0.531917451041918,4.7719395862629055
2025-01-01 13:09:00,56.67807813296802,0.6340450446023145,5.0907133100569855
2025-01-01 13:10:00,60.85923643826517,0.3124827530354255,5.297514732917782
2025-01-01 13:11:00,60.415375374326224,0.5115026079147417,4.721288473445839
2025-01-01 13:12:00,60.54315767439075,0.48398672044333596,4.7935010889282825
2025-01-01 13:13:00,57.44650284835938,0.5671340076450466,4.536650845576345
2025-01-01 13:14:00,57.837886919183475,0.521319662823769,4.984280414812612
2025-01-01 13:15:00,62.10630570666581,0.42480306682611807,4.575785682904593
2025-01-01 13:16:00,59.92088969228669,0.46809460643333817,5.2865639066206
2025-01-01 13:17:00,61.36300139474525,0.4203974143196511,4.107066754032944
2025-01-01 13:18:00,60.05663675226092,0.6076007138598598,4.820185163773769
2025-01-01 13:19:00,60.05951227899149,0.5021311648671942,5.150553669595871
2025-01-01 13:20:00,61.876567611952,0.6901190685753007,5.091917258161252
2025-01-01 13:21:00,58.96791054356525,0.4939339186185379,6.3465168319902485
2025-01-01 13:22:00,60.19224155388196,0.42915932330895373,5.1749000122839535
2025-01-01 13:23:00,59.07544942258991,0.3486285607387173,4.497972701578995
2025-01-01 13:24:00,59.13100754513537,0.3196860323744055,4.952267876455464
2025-01-01 13:25:00,59.381655753062724,0.341586405699451,4.111876833266774
2025-01-01 13:26:00,60.44426754326743,0.5267126651011483,4.9597001253516195
2025-01-01 13:27:00,59.042502756673045,0.5508725023229933,4.583471971499621
2025-01-01 13:28:00,62.51151225114704,0.34188092979678664,5.457695137780081
2025-01-01 13:29:00,58.21078539556099,0.5895038314076115,4.725229862702233
2025-01-01 13:30:00,59.62625671167728,0.45169389483165606,4.941617042102377
2025-01-01 13:31:00,59.12053788345165,0.514679301198555,4.682221079297799
2025-01-01 13:32:00,62.893955768707464,0.6612220628255424,5.869425675926665
2025-01-01 13:33:00,60.39310955302315,0.5896839315865532,4.839378616941044
2025-01-01 13:34:00,62.06368907893727,0.47314693520941675,5.916278521739601
2025-01-01 13:35:00,57.02887925392606,0.41088077745847124,5.407075881059133
2025-01-01 13:36:00,60.53410053173852,0.2848184598670695,5.241033363667693
2025-01-01 13:37:00,61.77926159124687,0.42808466807575796,5.18436657365876
2025-01-01 13:38:00,60.16456797855085,0.4788869761172306,5.1968986491081255
2025-01-01 13:39:00,62.130960750130704,0.4012820472848816,4.036163710327195
2025-01-01 13:40:00,58.96542309979925,0.48687430329076953,4.8605583029246215
2025-01-01 13:41:00,62.81869488037116,0.5076851882958768,5.4225789855921604
2025-01-01 13:42:00,64.5977962472385,0.47751440181919214,4.975551408262947
2025-01-01 13:43:00,59.27432287912068,0.434999741917654,4.297405076598213
2025-01-01 13:44:00,59.108994957198455,0.5168654671966728,4.973797774711265
2025-01-01 13:45:00,62.9067689542354,0.5441940649569409,5.852052758127746
2025-01-01 13:46:00,63.15914429146142,0.3909600922557154,5.62344585776736
2025-01-01 13:47:00,58.954279945693465,0.641093237974627,4.968997995316984
2025-01-01 13:48:00,59.159626365808286,0.4901411867715738,5.4757246385290435
2025-01-01 13:49:00,59.43643078227898,0.5018849622944848,4.816746489815974
2025-01-01 13:50:00,57.311098977931444,0.5708214423256557,4.148064206586641
2025-01-01 13:51:00,58.16269610703161,0.5233216131263502,4.537767005935223
2025-01-01 13:52:00,57.99171846649586,0.5953136633913245,5.781444384254099
2025-01-01 13:53:00,58.46440486979174,0.5287124165201824,4.8630034590853475
2025-01-01 13:54:00,59.93063022522644,0.43875626253595623,4.878308010312491
2025-01-01 13:55:00,60.468429465073044,0.5361503525206102,4.85008090186256
2025-01-01 13:56:00,63.101000985628154,0.38562737926793383,5.952068294786503
2025-01-01 13:57:00,58.00329191852242,0.5108559705776523,5.812979457681031
2025-01-01 13:58:00,61.968644796953164,0.49667700093555395,6.109390116724067
2025-01-01 13:59:00,59.572022311548984,0.47918831427274605,4.920477394799974
2025-01-01 14:00:00,59.901072580695136,0.4871462488561069,5.147812244373547
2025-01-01 14:01:00,61.34963898433321,0.3118150954502361,4.241678725289605
2025-01-01 14:02:00,57.7545559568754,0.44512750922590383,5.738467213059137
2025-01-01 14:03:00,60.764819492368105,0.5092844901141115,4.416110224366032
2025-01-01 14:04:00,60.33290441642611,0.51598563919974,5.108387781881315
2025-01-01 14:05:00,60.9849025280163,0.3972324859074042,4.4513487361835775
2025-01-01 14:06:00,60.578337287815636,0.62657078408647,4.705566586630652
2025-01-01 14:07:00,64.9106002798218,0.4133825151785499,4.58136878447515
2025-01-01 14:08:00,58.72452003149737,0.5969457200526737,4.696062369662091
2025-01-01 14:09:00,58.938006089996364,0.5427194361871684,4.730438648425511
2025-01-01 14:10:00,58.753718947150475,0.4353772690156197,4.7258656025374615
2025-01-01 14:11:00,58.88904576167949,0.6775310892609512,5.416666955890154
2025-01-01 14:12:00,58.725225745386965,0.380636316824352,4.44756860346874
2025-01-01 14:13:00,62.3780330622151,0.5919154173610002,5.110270713506933
2025-01-01 14:14:00,62.84100849597971,0.6000582318042978,5.608979576152779
2025-01-01 14:15:00,58.85850741250105,0.4329379790923355,4.743401817743302
2025-01-01 14:16:00,58.33528885379154,0.639246530006433,4.6410405546261995
2025-01-01 14:17:00,60.94283111277281,0.4749953485401047,4.884737687409874
2025-01-01 14:18:00,58.89555391143806,0.5288693629279857,5.589862604180355
2025-01-01 14:19:00,61.265863635511025,0.526032183877122,5.097053815476679
2025-01-01 14:20:00,60.4058460417026,0.4865691258529452,4.7343928526962005
2025-01-01 14:21:00,56.968511770005534,0.5810808273159782,5.2419383255940195
2025-01-01 14:22:00,63.09501040266012,0.5793488720552213,4.448853925081789
2025-01-01 14:23:00,63.59175534619104,0.3251468026761819,5.340679755221474
2025-01-01 14:24:00,58.77442261903123,0.6304340242878153,5.204303653850884
2025-01-01 14:25:00,59.22459688012803,0.3337508011964325,4.846095764430558
2025-01-01 14:26:00,60.57173078144981,0.6032546204341658,4.580707100776385
2025-01-01 14:27:00,60.66891357997405,0.6126705136827584,4.556659538858272
2025-01-01 14:28:00,61.31708854534566,0.39090335697848017,5.267408668172955
2025-01-01 14:29:00,64.0204090775327,0.4589185712045415,5.614490251244531
2025-01-01 14:30:00,59.6461055450119,0.38942953315140644,4.681346126485603
2025-01-01 14:31:00,58.40340551092309,0.47850789697112645,5.229193351775742
2025-01-01 14:32:00,57.241361543970946,0.46919657158142586,3.956486490698966
2025-01-01 14:33:00,58.53813992011616,0.577966053226934,4.7076911346714
2025-01-01 14:34:00,59.9337460542524,0.6310308746119608,4.984470533564549
2025-01-01 14:35:00,63.589115727035576,0.6395683810789956,4.545158291509083
2025-01-01 14:36:00,58.964777401927655,0.44378319734216976,4.531746812605202
2025-01-01 14:37:00,60.447575903277794,0.4790778126255472,4.666110221765557
2025-01-01 14:38:00,59.9671542078545,0.33165618077790493,5.146096364163187
2025-01-01 14:39:00,62.37678654689617,0.4194129933503811,4.906335490796812
2025-01-01 14:40:00,65.05386485174725,0.5964851633097458,3.8808843833375137
2025-01-01 14:41:00,58.93826245415936,0.6615582823548232,3.9396499236824667
2025-01-01 14:42:00,59.021121114963556,0.3765651128120078,4.696567411071412
2025-01-01 14:43:00,62.08832175413814,0.44075357408471055,5.228843293026776
2025-01-01 14:44:00,61.363782979252626,0.4973594243041073,3.6262475786373827
2025-01-01 14:45:00,63.69341465147207,0.5280161158819607,4.750134911924185
2025-01-01 14:46:00,61.167856370651926,0.4190396480078354,4.736876071741289
2025-01-01 14:47:00,59.281415818425884,0.542406104446409,5.694168889104224
2025-01-01 14:48:00,61.18130966138462,0.4526160652929084,4.807489094143568
2025-01-01 14:49:00,62.217407161165816,0.4985547729121721,5.191494492370464
2025-01-01 14:50:00,61.640964362394726,0.55462842480037,5.0706285700437315
2025-01-01 14:51:00,61.014548062214594,0.5006422269810937,3.9347167600964
2025-01-01 14:52:00,62.133349379178306,0.4563614109473431,5.384103608315868
2025-01-01 14:53:00,62.33859118089134,0.4890390196074169,5.107698252728144
2025-01-01 14:54:00,62.764317982075056,0.49116370407946647,5.254134319837295
2025-01-01 14:55:00,61.297419775179286,0.4629988970117872,6.963118853218163
2025-01-01 14:56:00,59.66576383936629,0.47412039373328974,3.9579435302507058
2025-01-01 14:57:00,60.293427372866645,0.6598647170504717,5.862348324880554
2025-01-01 14:58:00,62.41301793301671,0.5560919447941238,4.856276240299822
2025-01-01 14:59:00,58.36612865802553,0.47045196819708396,5.143664452201505
2025-01-01 15:00:00,60.7373466177458,0.5696954404510736,4.977243877349379
2025-01-01 15:01:00,59.21332237534528,0.466618051024399,4.787881833300978
2025-01-01 15:02:00,60.05748964586964,0.6173124637586641,4.715083535880621
2025-01-01 15:03:00,62.556903725214596,0.5369642192198094,5.164754367786505
2025-01-01 15:04:00,60.382198136039804,0.4892697855995771,4.24141315166416
2025-01-01 15:05:00,60.092873096312296,0.5447716925810278,5.375289583760883
2025-01-01 15:06:00,57.280287718040164,0.34291238479315006,4.791902797557373
2025-01-01 15:07:00,61.49250713205444,0.3873232531090195,4.434965330479821
2025-01-01 15:08:00,61.29096836228215,0.38060749936009447,4.774993571002093
2025-01-01 15:09:00,64.32650944661091,0.5142943094763707,5.628574608431286
2025-01-01 15:10:00,59.384443530093996,0.6732514999485092,4.732332456491888
2025-01-01 15:11:00,60.43830065532788,0.7231300146192632,5.17922680910481
2025-01-01 15:12:00,60.49876736742151,0.5638051101440757,4.634521862142264
2025-01-01 15:13:00,63.15490655952695,0.5500844474944457,5.3789609249618096
2025-01-01 15:14:00,59.809408935226095,0.3198942265847261,5.342753869395102
2025-01-01 15:15:00,60.55804305154068,0.4457326200265978,5.924304416648206
2025-01-01 15:16:00,61.21579301943308,0.42122162480917613,4.912218027250392
2025-01-01 15:17:00,60.37321824631272,0.43791524017488836,5.334327402378953
2025-01-01 15:18:00,59.10713277089894,0.48318561814152106,5.049033769769473
2025-01-01 15:19:00,60.38817998579662,0.45279094223028726,5.647935890931507
2025-01-01 15:20:00,62.14726349971954,0.30207001896242125,4.640583806195635
2025-01-01 15:21:00,57.94696940117788,0.5747910256117534,5.37250265643864
2025-01-01 15:22:00,60.26593934829375,0.39272569742601937,4.9026513519416595
2025-01-01 15:23:00,58.599758370121656,0.523924686411115,4.967905911445751
2025-01-01 15:24:00,62.390093257849685,0.7074082669749974,5.045876242224186
2025-01-01 15:25:00,56.95362619043245,0.40806154084135765,5.126120198213338
2025-01-01 15:26:00,58.882156305456824,0.246971247725367,4.941885478439021
2025-01-01 15:27:00,60.75442375012904,0.47139957781198893,5.107356591585263
2025-01-01 15:28:00,63.13104805846868,0.6100959634998571,5.789059028781092
2025-01-01 15:29:00,59.86849947785402,0.6958347454220594,5.492724842807609
2025-01-01 15:30:00,58.889600946613605,0.3770450405547583,5.434577296248448
2025-01-01 15:31:00,63.76231413888118,0.5496699223236522,4.772230236988064
2025-01-01 15:32:00,57.103972199167515,0.45346895432199463,4.555379585885838
2025-01-01 15:33:00,55.60238808675984,0.48940516456958644,5.477650279118876
2025-01-01 15:34:00,60.880028900106666,0.7644343347017035,5.438023396264897
2025-01-01 15:35:00,58.995891551294775,0.34970296716048466,5.736335337875491
2025-01-01 15:36:00,57.957534365738574,0.5253739661494573,4.698009687015385
2025-01-01 15:37:00,61.4167128945987,0.5467693171765433,4.885225672319827
2025-01-01 15:38:00,60.4876014275424,0.6085786324939347,4.180257918737283
2025-01-01 15:39:00,58.871842738526546,0.5097983153470895,4.803764446969564
2025-01-01 15:40:00,57.439391202658214,0.5308050539504102,5.498285255289724
2025-01-01 15:41:00,61.74491465656029,0.4608351432578209,4.766752310385901
2025-01-01 15:42:00,61.30040235591732,0.5269126941245107,5.320239897600412
2025-01-01 15:43:00,59.801648272441234,0.46568077245025896,4.9047484470010945
2025-01-01 15:44:00,63.69327399209533,0.5621571889856051,5.16202851411078
2025-01-01 15:45:00,57.85983046734769,0.4630389663956366,4.426154305092166
2025-01-01 15:46:00,56.948949658150525,0.5377100393902187,5.04260472481695
2025-01-01 15:47:00,58.61618386023751,0.4970737186315022,3.5044320145496384
2025-01-01 15:48:00,59.90882796728901,0.6126050250772168,4.906551920919007
2025-01-01 15:49:00,60.48667889864539,0.49486062764115135,4.18476337814243
2025-01-01 15:50:00,59.51752788428734,0.32269675317931185,5.602997258273408
2025-01-01 15:51:00,60.70411079302859,0.6261921500713992,5.388703676382256
2025-01-01 15:52:00,57.49692115161911,0.4094267699137381,5.23333549098304
2025-01-01 15:53:00,62.88752920814652,0.434623366135118,5.76050311357969
2025-01-01 15:54:00,59.835697643214864,0.44043387059565076,4.525541739587581
2025-01-01 15:55:00,62.23459166317625,0.6374438093170818,5.873681598957779
2025-01-01 15:56:00,60.68545069275541,0.28643257860213045,5.466095782130193
2025-01-01 15:57:00,60.913506438307564,0.8137748533659994,4.881722356390527
2025-01-01 15:58:00,61.139534560464405,0.6056056809066052,5.567810073591472
2025-01-01 15:59:00,60.89541712003463,0.522323891412916,4.446853243794183
2025-01-01 16:00:00,61.285445519735084,0.4945105999383714,4.587742919236163
2025-01-01 16:01:00,62.658305060264865,0.5285554074857657,4.69570513838015
2025-01-01 16:02:00,60.39304233940294,0.5521122428379338,4.735511145967992
2025-01-01 16:03:00,61.418007515177024,0.5645215585950057,4.471721178619873
2025-01-01 16:04:00,59.820528611425544,0.5555604466003449,5.611541533547663
2025-01-01 16:05:00,62.880234430898945,0.5089580681255249,4.8705727998150845
2025-01-01 16:06:00,58.64721539588146,0.4802661579692674,5.176252484178439
2025-01-01 16:07:00,63.601880865821634,0.4848726716346488,4.71482431679316
2025-01-01 16:08:00,59.919684098711315,0.4805091719647319,4.089698349725741
2025-01-01 16:09:00,57.138449795763904,0.6133770096867065,5.135028679195711
2025-01-01 16:10:00,60.25620882982158,0.5593556722280861,4.043872512290111
2025-01-01 16:11:00,58.63789668505024,0.20596113653357195,4.9656829769572655
2025-01-01 16:12:00,61.681287097977446,0.5655900776529761,4.315842480583595
2025-01-01 16:13:00,58.69475204139522,0.5194736194718775,5.993637999615404
2025-01-01 16:14:00,59.10763313357044,0.49812912435541024,5.455681361087361
2025-01-01 16:15:00,56.22091853810894,0.4611481546911114,5.05287689563574
2025-01-01 16:16:00,59.09538736150185,0.6124112719986013,5.631853338827335
2025-01-01 16:17:00,55.15224134674209,0.5947526462122859,4.576842011267132
2025-01-01 16:18:00,56.832194353028555,0.42271223321763907,5.271739689335046
2025-01-01 16:19:00,61.5208293122886,0.5407052287124535,5.099905216859357
2025-01-01 16:20:00,61.571600317301666,0.40283432654587137,5.132010040666835
2025-01-01 16:21:00,60.850915123569926,0.36203818352110695,5.636176750053384
2025-01-01 16:22:00,58.066047713741575,0.43732827754100345,5.3662460513899015
2025-01-01 16:23:00,59.90457728771604,0.5862393472382759,5.144361831412511
2025-01-01 16:24:00,59.99279492181886,0.5953125045376086,4.172556281885852
2025-01-01 16:25:00,57.683270621614916,0.5513085420097293,4.519976852360268
2025-01-01 16:26:00,63.0067966035343,0.5725095786847997,4.938645533202138
2025-01-01 16:27:00,61.75472458115134,0.5516178287114959,5.0466861871383255
2025-01-01 16:28:00,59.55807165234067,0.43585184047770476,4.434898137663038
2025-01-01 16:29:00,60.05377167798906,0.543192254467394,6.205838337789211
2025-01-01 16:30:00,60.4167656158951,0.5800409525227682,5.758197027626786
2025-01-01 16:31:00,55.916530263151415,0.5754291329813574,5.301059160196242
2025-01-01 16:32:00,59.505645234958806,0.6188913371474642,5.036018430641873
2025-01-01 16:33:00,58.6360315040044,0.5708303847201064,4.893895515049424
2025-01-01 16:34:00,57.99675998021017,0.5351448207541583,4.524040769988882
2025-01-01 16:35:00,59.43779941422809,0.6070150238316427,5.0387402592594315
2025-01-01 16:36:00,63.59537305369904,0.497347874075094,5.128876270071375
2025-01-01 16:37:00,61.28168572253402,0.41181253487722824,4.379119712259188
2025-01-01 16:38:00,58.857642020434405,0.4836933036056236,5.167088208622449
2025-01-01 16:39:00,61.145165562712315,0.4255097355193551,4.922370475587625
